{
	"BUILD_DIR" : "/home/herson/Repositorios Git/pruebas/Proyecto 1/Proyecto-1-EDD/Biblioteca_Magica/build_linux/Biblioteca_Magica_autogen",
	"CMAKE_BINARY_DIR" : "/home/herson/Repositorios Git/pruebas/Proyecto 1/Proyecto-1-EDD/Biblioteca_Magica/build_linux",
	"CMAKE_CURRENT_BINARY_DIR" : "/home/herson/Repositorios Git/pruebas/Proyecto 1/Proyecto-1-EDD/Biblioteca_Magica/build_linux",
	"CMAKE_CURRENT_SOURCE_DIR" : "/home/herson/Repositorios Git/pruebas/Proyecto 1/Proyecto-1-EDD/Biblioteca_Magica",
	"CMAKE_EXECUTABLE" : "/usr/bin/cmake",
	"CMAKE_LIST_FILES" : 
	[
		"/home/herson/Repositorios Git/pruebas/Proyecto 1/Proyecto-1-EDD/Biblioteca_Magica/CMakeLists.txt",
		"/usr/share/cmake-3.28/Modules/CMakeDetermineSystem.cmake",
		"/usr/share/cmake-3.28/Modules/CMakeSystem.cmake.in",
		"/home/herson/Repositorios Git/pruebas/Proyecto 1/Proyecto-1-EDD/Biblioteca_Magica/build_linux/CMakeFiles/3.28.3/CMakeSystem.cmake",
		"/usr/share/cmake-3.28/Modules/CMakeUnixFindMake.cmake",
		"/usr/share/cmake-3.28/Modules/CMakeSystemSpecificInitialize.cmake",
		"/usr/share/cmake-3.28/Modules/Platform/Linux-Initialize.cmake",
		"/usr/share/cmake-3.28/Modules/CMakeDetermineCCompiler.cmake",
		"/usr/share/cmake-3.28/Modules/CMakeDetermineCompiler.cmake",
		"/usr/share/cmake-3.28/Modules/CMakeDetermineCompilerId.cmake",
		"/usr/share/cmake-3.28/Modules/CMakeCompilerIdDetection.cmake",
		"/usr/share/cmake-3.28/Modules/Compiler/ADSP-DetermineCompiler.cmake",
		"/usr/share/cmake-3.28/Modules/Compiler/ARMCC-DetermineCompiler.cmake",
		"/usr/share/cmake-3.28/Modules/Compiler/ARMClang-DetermineCompiler.cmake",
		"/usr/share/cmake-3.28/Modules/Compiler/AppleClang-DetermineCompiler.cmake",
		"/usr/share/cmake-3.28/Modules/Compiler/Clang-DetermineCompilerInternal.cmake",
		"/usr/share/cmake-3.28/Modules/Compiler/Borland-DetermineCompiler.cmake",
		"/usr/share/cmake-3.28/Modules/Compiler/Bruce-C-DetermineCompiler.cmake",
		"/usr/share/cmake-3.28/Modules/Compiler/Clang-DetermineCompiler.cmake",
		"/usr/share/cmake-3.28/Modules/Compiler/Clang-DetermineCompilerInternal.cmake",
		"/usr/share/cmake-3.28/Modules/Compiler/Compaq-C-DetermineCompiler.cmake",
		"/usr/share/cmake-3.28/Modules/Compiler/Cray-DetermineCompiler.cmake",
		"/usr/share/cmake-3.28/Modules/Compiler/CrayClang-DetermineCompiler.cmake",
		"/usr/share/cmake-3.28/Modules/Compiler/Embarcadero-DetermineCompiler.cmake",
		"/usr/share/cmake-3.28/Modules/Compiler/Fujitsu-DetermineCompiler.cmake",
		"/usr/share/cmake-3.28/Modules/Compiler/FujitsuClang-DetermineCompiler.cmake",
		"/usr/share/cmake-3.28/Modules/Compiler/GHS-DetermineCompiler.cmake",
		"/usr/share/cmake-3.28/Modules/Compiler/GNU-C-DetermineCompiler.cmake",
		"/usr/share/cmake-3.28/Modules/Compiler/HP-C-DetermineCompiler.cmake",
		"/usr/share/cmake-3.28/Modules/Compiler/IAR-DetermineCompiler.cmake",
		"/usr/share/cmake-3.28/Modules/Compiler/IBMClang-C-DetermineCompiler.cmake",
		"/usr/share/cmake-3.28/Modules/Compiler/Intel-DetermineCompiler.cmake",
		"/usr/share/cmake-3.28/Modules/Compiler/IntelLLVM-DetermineCompiler.cmake",
		"/usr/share/cmake-3.28/Modules/Compiler/LCC-C-DetermineCompiler.cmake",
		"/usr/share/cmake-3.28/Modules/Compiler/MSVC-DetermineCompiler.cmake",
		"/usr/share/cmake-3.28/Modules/Compiler/NVHPC-DetermineCompiler.cmake",
		"/usr/share/cmake-3.28/Modules/Compiler/NVIDIA-DetermineCompiler.cmake",
		"/usr/share/cmake-3.28/Modules/Compiler/OpenWatcom-DetermineCompiler.cmake",
		"/usr/share/cmake-3.28/Modules/Compiler/OrangeC-DetermineCompiler.cmake",
		"/usr/share/cmake-3.28/Modules/Compiler/PGI-DetermineCompiler.cmake",
		"/usr/share/cmake-3.28/Modules/Compiler/PathScale-DetermineCompiler.cmake",
		"/usr/share/cmake-3.28/Modules/Compiler/SCO-DetermineCompiler.cmake",
		"/usr/share/cmake-3.28/Modules/Compiler/SDCC-C-DetermineCompiler.cmake",
		"/usr/share/cmake-3.28/Modules/Compiler/SunPro-C-DetermineCompiler.cmake",
		"/usr/share/cmake-3.28/Modules/Compiler/TI-DetermineCompiler.cmake",
		"/usr/share/cmake-3.28/Modules/Compiler/Tasking-DetermineCompiler.cmake",
		"/usr/share/cmake-3.28/Modules/Compiler/TinyCC-C-DetermineCompiler.cmake",
		"/usr/share/cmake-3.28/Modules/Compiler/VisualAge-C-DetermineCompiler.cmake",
		"/usr/share/cmake-3.28/Modules/Compiler/IBMCPP-C-DetermineVersionInternal.cmake",
		"/usr/share/cmake-3.28/Modules/Compiler/Watcom-DetermineCompiler.cmake",
		"/usr/share/cmake-3.28/Modules/Compiler/XL-C-DetermineCompiler.cmake",
		"/usr/share/cmake-3.28/Modules/Compiler/IBMCPP-C-DetermineVersionInternal.cmake",
		"/usr/share/cmake-3.28/Modules/Compiler/XLClang-C-DetermineCompiler.cmake",
		"/usr/share/cmake-3.28/Modules/Compiler/zOS-C-DetermineCompiler.cmake",
		"/usr/share/cmake-3.28/Modules/Compiler/IBMCPP-C-DetermineVersionInternal.cmake",
		"/usr/share/cmake-3.28/Modules/CMakeFindBinUtils.cmake",
		"/usr/share/cmake-3.28/Modules/Compiler/GNU-FindBinUtils.cmake",
		"/usr/share/cmake-3.28/Modules/CMakeCCompiler.cmake.in",
		"/home/herson/Repositorios Git/pruebas/Proyecto 1/Proyecto-1-EDD/Biblioteca_Magica/build_linux/CMakeFiles/3.28.3/CMakeCCompiler.cmake",
		"/usr/share/cmake-3.28/Modules/CMakeDetermineCXXCompiler.cmake",
		"/usr/share/cmake-3.28/Modules/CMakeDetermineCompiler.cmake",
		"/usr/share/cmake-3.28/Modules/Platform/Linux-Determine-CXX.cmake",
		"/usr/share/cmake-3.28/Modules/CMakeDetermineCompilerId.cmake",
		"/usr/share/cmake-3.28/Modules/CMakeCompilerIdDetection.cmake",
		"/usr/share/cmake-3.28/Modules/Compiler/ADSP-DetermineCompiler.cmake",
		"/usr/share/cmake-3.28/Modules/Compiler/ARMCC-DetermineCompiler.cmake",
		"/usr/share/cmake-3.28/Modules/Compiler/ARMClang-DetermineCompiler.cmake",
		"/usr/share/cmake-3.28/Modules/Compiler/AppleClang-DetermineCompiler.cmake",
		"/usr/share/cmake-3.28/Modules/Compiler/Clang-DetermineCompilerInternal.cmake",
		"/usr/share/cmake-3.28/Modules/Compiler/Borland-DetermineCompiler.cmake",
		"/usr/share/cmake-3.28/Modules/Compiler/Clang-DetermineCompiler.cmake",
		"/usr/share/cmake-3.28/Modules/Compiler/Clang-DetermineCompilerInternal.cmake",
		"/usr/share/cmake-3.28/Modules/Compiler/Comeau-CXX-DetermineCompiler.cmake",
		"/usr/share/cmake-3.28/Modules/Compiler/Compaq-CXX-DetermineCompiler.cmake",
		"/usr/share/cmake-3.28/Modules/Compiler/Cray-DetermineCompiler.cmake",
		"/usr/share/cmake-3.28/Modules/Compiler/CrayClang-DetermineCompiler.cmake",
		"/usr/share/cmake-3.28/Modules/Compiler/Embarcadero-DetermineCompiler.cmake",
		"/usr/share/cmake-3.28/Modules/Compiler/Fujitsu-DetermineCompiler.cmake",
		"/usr/share/cmake-3.28/Modules/Compiler/FujitsuClang-DetermineCompiler.cmake",
		"/usr/share/cmake-3.28/Modules/Compiler/GHS-DetermineCompiler.cmake",
		"/usr/share/cmake-3.28/Modules/Compiler/GNU-CXX-DetermineCompiler.cmake",
		"/usr/share/cmake-3.28/Modules/Compiler/HP-CXX-DetermineCompiler.cmake",
		"/usr/share/cmake-3.28/Modules/Compiler/IAR-DetermineCompiler.cmake",
		"/usr/share/cmake-3.28/Modules/Compiler/IBMClang-CXX-DetermineCompiler.cmake",
		"/usr/share/cmake-3.28/Modules/Compiler/Intel-DetermineCompiler.cmake",
		"/usr/share/cmake-3.28/Modules/Compiler/IntelLLVM-DetermineCompiler.cmake",
		"/usr/share/cmake-3.28/Modules/Compiler/LCC-CXX-DetermineCompiler.cmake",
		"/usr/share/cmake-3.28/Modules/Compiler/MSVC-DetermineCompiler.cmake",
		"/usr/share/cmake-3.28/Modules/Compiler/NVHPC-DetermineCompiler.cmake",
		"/usr/share/cmake-3.28/Modules/Compiler/NVIDIA-DetermineCompiler.cmake",
		"/usr/share/cmake-3.28/Modules/Compiler/OpenWatcom-DetermineCompiler.cmake",
		"/usr/share/cmake-3.28/Modules/Compiler/OrangeC-DetermineCompiler.cmake",
		"/usr/share/cmake-3.28/Modules/Compiler/PGI-DetermineCompiler.cmake",
		"/usr/share/cmake-3.28/Modules/Compiler/PathScale-DetermineCompiler.cmake",
		"/usr/share/cmake-3.28/Modules/Compiler/SCO-DetermineCompiler.cmake",
		"/usr/share/cmake-3.28/Modules/Compiler/SunPro-CXX-DetermineCompiler.cmake",
		"/usr/share/cmake-3.28/Modules/Compiler/TI-DetermineCompiler.cmake",
		"/usr/share/cmake-3.28/Modules/Compiler/Tasking-DetermineCompiler.cmake",
		"/usr/share/cmake-3.28/Modules/Compiler/VisualAge-CXX-DetermineCompiler.cmake",
		"/usr/share/cmake-3.28/Modules/Compiler/IBMCPP-CXX-DetermineVersionInternal.cmake",
		"/usr/share/cmake-3.28/Modules/Compiler/Watcom-DetermineCompiler.cmake",
		"/usr/share/cmake-3.28/Modules/Compiler/XL-CXX-DetermineCompiler.cmake",
		"/usr/share/cmake-3.28/Modules/Compiler/IBMCPP-CXX-DetermineVersionInternal.cmake",
		"/usr/share/cmake-3.28/Modules/Compiler/XLClang-CXX-DetermineCompiler.cmake",
		"/usr/share/cmake-3.28/Modules/Compiler/zOS-CXX-DetermineCompiler.cmake",
		"/usr/share/cmake-3.28/Modules/Compiler/IBMCPP-CXX-DetermineVersionInternal.cmake",
		"/usr/share/cmake-3.28/Modules/CMakeFindBinUtils.cmake",
		"/usr/share/cmake-3.28/Modules/Compiler/GNU-FindBinUtils.cmake",
		"/usr/share/cmake-3.28/Modules/CMakeCXXCompiler.cmake.in",
		"/home/herson/Repositorios Git/pruebas/Proyecto 1/Proyecto-1-EDD/Biblioteca_Magica/build_linux/CMakeFiles/3.28.3/CMakeCXXCompiler.cmake",
		"/usr/share/cmake-3.28/Modules/CMakeSystemSpecificInformation.cmake",
		"/usr/share/cmake-3.28/Modules/CMakeGenericSystem.cmake",
		"/usr/share/cmake-3.28/Modules/CMakeInitializeConfigs.cmake",
		"/usr/share/cmake-3.28/Modules/Platform/Linux.cmake",
		"/usr/share/cmake-3.28/Modules/Platform/UnixPaths.cmake",
		"/usr/share/cmake-3.28/Modules/CMakeCInformation.cmake",
		"/usr/share/cmake-3.28/Modules/CMakeLanguageInformation.cmake",
		"/usr/share/cmake-3.28/Modules/Compiler/GNU-C.cmake",
		"/usr/share/cmake-3.28/Modules/Compiler/GNU.cmake",
		"/usr/share/cmake-3.28/Modules/Compiler/CMakeCommonCompilerMacros.cmake",
		"/usr/share/cmake-3.28/Modules/Platform/Linux-GNU-C.cmake",
		"/usr/share/cmake-3.28/Modules/Platform/Linux-GNU.cmake",
		"/usr/share/cmake-3.28/Modules/CMakeCommonLanguageInclude.cmake",
		"/usr/share/cmake-3.28/Modules/CMakeTestCCompiler.cmake",
		"/usr/share/cmake-3.28/Modules/CMakeTestCompilerCommon.cmake",
		"/usr/share/cmake-3.28/Modules/CMakeDetermineCompilerABI.cmake",
		"/usr/share/cmake-3.28/Modules/CMakeParseImplicitIncludeInfo.cmake",
		"/usr/share/cmake-3.28/Modules/CMakeParseImplicitLinkInfo.cmake",
		"/usr/share/cmake-3.28/Modules/CMakeParseLibraryArchitecture.cmake",
		"/usr/share/cmake-3.28/Modules/CMakeTestCompilerCommon.cmake",
		"/usr/share/cmake-3.28/Modules/CMakeCCompilerABI.c",
		"/usr/share/cmake-3.28/Modules/CMakeDetermineCompileFeatures.cmake",
		"/usr/share/cmake-3.28/Modules/Internal/FeatureTesting.cmake",
		"/usr/share/cmake-3.28/Modules/CMakeCCompiler.cmake.in",
		"/home/herson/Repositorios Git/pruebas/Proyecto 1/Proyecto-1-EDD/Biblioteca_Magica/build_linux/CMakeFiles/3.28.3/CMakeCCompiler.cmake",
		"/usr/share/cmake-3.28/Modules/CMakeCXXInformation.cmake",
		"/usr/share/cmake-3.28/Modules/CMakeLanguageInformation.cmake",
		"/usr/share/cmake-3.28/Modules/Compiler/GNU-CXX.cmake",
		"/usr/share/cmake-3.28/Modules/Compiler/GNU.cmake",
		"/usr/share/cmake-3.28/Modules/Platform/Linux-GNU-CXX.cmake",
		"/usr/share/cmake-3.28/Modules/Platform/Linux-GNU.cmake",
		"/usr/share/cmake-3.28/Modules/CMakeCommonLanguageInclude.cmake",
		"/usr/share/cmake-3.28/Modules/CMakeTestCXXCompiler.cmake",
		"/usr/share/cmake-3.28/Modules/CMakeTestCompilerCommon.cmake",
		"/usr/share/cmake-3.28/Modules/CMakeDetermineCompilerABI.cmake",
		"/usr/share/cmake-3.28/Modules/CMakeParseImplicitIncludeInfo.cmake",
		"/usr/share/cmake-3.28/Modules/CMakeParseImplicitLinkInfo.cmake",
		"/usr/share/cmake-3.28/Modules/CMakeParseLibraryArchitecture.cmake",
		"/usr/share/cmake-3.28/Modules/CMakeTestCompilerCommon.cmake",
		"/usr/share/cmake-3.28/Modules/CMakeCXXCompilerABI.cpp",
		"/usr/share/cmake-3.28/Modules/CMakeDetermineCompileFeatures.cmake",
		"/usr/share/cmake-3.28/Modules/Internal/FeatureTesting.cmake",
		"/usr/share/cmake-3.28/Modules/CMakeCXXCompiler.cmake.in",
		"/home/herson/Repositorios Git/pruebas/Proyecto 1/Proyecto-1-EDD/Biblioteca_Magica/build_linux/CMakeFiles/3.28.3/CMakeCXXCompiler.cmake",
		"/usr/lib/x86_64-linux-gnu/cmake/Qt5/Qt5ConfigVersion.cmake",
		"/usr/lib/x86_64-linux-gnu/cmake/Qt5/Qt5Config.cmake",
		"/usr/lib/x86_64-linux-gnu/cmake/Qt5/Qt5ModuleLocation.cmake",
		"/usr/lib/x86_64-linux-gnu/cmake/Qt5Core/Qt5CoreConfigVersion.cmake",
		"/usr/lib/x86_64-linux-gnu/cmake/Qt5Core/Qt5CoreConfig.cmake",
		"/usr/lib/x86_64-linux-gnu/cmake/Qt5Core/Qt5CoreConfigExtras.cmake",
		"/usr/lib/x86_64-linux-gnu/cmake/Qt5Core/Qt5CoreConfigExtrasMkspecDir.cmake",
		"/usr/lib/x86_64-linux-gnu/cmake/Qt5Core/Qt5CoreMacros.cmake",
		"/usr/share/cmake-3.28/Modules/CMakeParseArguments.cmake",
		"/usr/lib/x86_64-linux-gnu/cmake/Qt5Gui/Qt5GuiConfigVersion.cmake",
		"/usr/lib/x86_64-linux-gnu/cmake/Qt5Gui/Qt5GuiConfig.cmake",
		"/usr/lib/x86_64-linux-gnu/cmake/Qt5Gui/Qt5Gui_QComposePlatformInputContextPlugin.cmake",
		"/usr/lib/x86_64-linux-gnu/cmake/Qt5Gui/Qt5Gui_QEglFSEmulatorIntegrationPlugin.cmake",
		"/usr/lib/x86_64-linux-gnu/cmake/Qt5Gui/Qt5Gui_QEglFSIntegrationPlugin.cmake",
		"/usr/lib/x86_64-linux-gnu/cmake/Qt5Gui/Qt5Gui_QEglFSKmsEglDeviceIntegrationPlugin.cmake",
		"/usr/lib/x86_64-linux-gnu/cmake/Qt5Gui/Qt5Gui_QEglFSKmsGbmIntegrationPlugin.cmake",
		"/usr/lib/x86_64-linux-gnu/cmake/Qt5Gui/Qt5Gui_QEglFSX11IntegrationPlugin.cmake",
		"/usr/lib/x86_64-linux-gnu/cmake/Qt5Gui/Qt5Gui_QEvdevKeyboardPlugin.cmake",
		"/usr/lib/x86_64-linux-gnu/cmake/Qt5Gui/Qt5Gui_QEvdevMousePlugin.cmake",
		"/usr/lib/x86_64-linux-gnu/cmake/Qt5Gui/Qt5Gui_QEvdevTabletPlugin.cmake",
		"/usr/lib/x86_64-linux-gnu/cmake/Qt5Gui/Qt5Gui_QEvdevTouchScreenPlugin.cmake",
		"/usr/lib/x86_64-linux-gnu/cmake/Qt5Gui/Qt5Gui_QGifPlugin.cmake",
		"/usr/lib/x86_64-linux-gnu/cmake/Qt5Gui/Qt5Gui_QICOPlugin.cmake",
		"/usr/lib/x86_64-linux-gnu/cmake/Qt5Gui/Qt5Gui_QIbusPlatformInputContextPlugin.cmake",
		"/usr/lib/x86_64-linux-gnu/cmake/Qt5Gui/Qt5Gui_QJpegPlugin.cmake",
		"/usr/lib/x86_64-linux-gnu/cmake/Qt5Gui/Qt5Gui_QLibInputPlugin.cmake",
		"/usr/lib/x86_64-linux-gnu/cmake/Qt5Gui/Qt5Gui_QLinuxFbIntegrationPlugin.cmake",
		"/usr/lib/x86_64-linux-gnu/cmake/Qt5Gui/Qt5Gui_QMinimalEglIntegrationPlugin.cmake",
		"/usr/lib/x86_64-linux-gnu/cmake/Qt5Gui/Qt5Gui_QMinimalIntegrationPlugin.cmake",
		"/usr/lib/x86_64-linux-gnu/cmake/Qt5Gui/Qt5Gui_QOffscreenIntegrationPlugin.cmake",
		"/usr/lib/x86_64-linux-gnu/cmake/Qt5Gui/Qt5Gui_QTuioTouchPlugin.cmake",
		"/usr/lib/x86_64-linux-gnu/cmake/Qt5Gui/Qt5Gui_QVncIntegrationPlugin.cmake",
		"/usr/lib/x86_64-linux-gnu/cmake/Qt5Gui/Qt5Gui_QXcbEglIntegrationPlugin.cmake",
		"/usr/lib/x86_64-linux-gnu/cmake/Qt5Gui/Qt5Gui_QXcbGlxIntegrationPlugin.cmake",
		"/usr/lib/x86_64-linux-gnu/cmake/Qt5Gui/Qt5Gui_QXcbIntegrationPlugin.cmake",
		"/usr/lib/x86_64-linux-gnu/cmake/Qt5Gui/Qt5GuiConfigExtras.cmake",
		"/usr/lib/x86_64-linux-gnu/cmake/Qt5Widgets/Qt5WidgetsConfigVersion.cmake",
		"/usr/lib/x86_64-linux-gnu/cmake/Qt5Widgets/Qt5WidgetsConfig.cmake",
		"/usr/lib/x86_64-linux-gnu/cmake/Qt5Widgets/Qt5WidgetsConfigExtras.cmake",
		"/usr/lib/x86_64-linux-gnu/cmake/Qt5Widgets/Qt5WidgetsMacros.cmake",
		"/usr/share/cmake-3.28/Modules/CMakeParseArguments.cmake"
	],
	"CMAKE_SOURCE_DIR" : "/home/herson/Repositorios Git/pruebas/Proyecto 1/Proyecto-1-EDD/Biblioteca_Magica",
	"DEP_FILE" : "/home/herson/Repositorios Git/pruebas/Proyecto 1/Proyecto-1-EDD/Biblioteca_Magica/build_linux/Biblioteca_Magica_autogen/deps",
	"DEP_FILE_RULE_NAME" : "Biblioteca_Magica_autogen/timestamp",
	"HEADERS" : 
	[
		[
			"/home/herson/Repositorios Git/pruebas/Proyecto 1/Proyecto-1-EDD/Biblioteca_Magica/AVL/ArbolAVL.h",
			"MU",
			"EOUM5GNG4J/moc_ArbolAVL.cpp",
			null
		],
		[
			"/home/herson/Repositorios Git/pruebas/Proyecto 1/Proyecto-1-EDD/Biblioteca_Magica/AVL/ListaEncontrados.h",
			"MU",
			"EOUM5GNG4J/moc_ListaEncontrados.cpp",
			null
		],
		[
			"/home/herson/Repositorios Git/pruebas/Proyecto 1/Proyecto-1-EDD/Biblioteca_Magica/AVL/NodoAVL.h",
			"MU",
			"EOUM5GNG4J/moc_NodoAVL.cpp",
			null
		],
		[
			"/home/herson/Repositorios Git/pruebas/Proyecto 1/Proyecto-1-EDD/Biblioteca_Magica/AVL_Auxiliar/IndiceISBN.h",
			"MU",
			"XRDWZPEOBP/moc_IndiceISBN.cpp",
			null
		],
		[
			"/home/herson/Repositorios Git/pruebas/Proyecto 1/Proyecto-1-EDD/Biblioteca_Magica/AVL_Auxiliar/NodoIndiceISBN.h",
			"MU",
			"XRDWZPEOBP/moc_NodoIndiceISBN.cpp",
			null
		],
		[
			"/home/herson/Repositorios Git/pruebas/Proyecto 1/Proyecto-1-EDD/Biblioteca_Magica/ArbolB+/ArbolBPlus.h",
			"MU",
			"4QNX6GLFF5/moc_ArbolBPlus.cpp",
			null
		],
		[
			"/home/herson/Repositorios Git/pruebas/Proyecto 1/Proyecto-1-EDD/Biblioteca_Magica/ArbolB+/NodoBPlus.h",
			"MU",
			"4QNX6GLFF5/moc_NodoBPlus.cpp",
			null
		],
		[
			"/home/herson/Repositorios Git/pruebas/Proyecto 1/Proyecto-1-EDD/Biblioteca_Magica/ArbolB+/NodoHoja.h",
			"MU",
			"4QNX6GLFF5/moc_NodoHoja.cpp",
			null
		],
		[
			"/home/herson/Repositorios Git/pruebas/Proyecto 1/Proyecto-1-EDD/Biblioteca_Magica/ArbolB+/NodoInterno.h",
			"MU",
			"4QNX6GLFF5/moc_NodoInterno.cpp",
			null
		],
		[
			"/home/herson/Repositorios Git/pruebas/Proyecto 1/Proyecto-1-EDD/Biblioteca_Magica/ArbolB/ArbolB.h",
			"MU",
			"4QKMI527PN/moc_ArbolB.cpp",
			null
		],
		[
			"/home/herson/Repositorios Git/pruebas/Proyecto 1/Proyecto-1-EDD/Biblioteca_Magica/ArbolB/ListaLibros.h",
			"MU",
			"4QKMI527PN/moc_ListaLibros.cpp",
			null
		],
		[
			"/home/herson/Repositorios Git/pruebas/Proyecto 1/Proyecto-1-EDD/Biblioteca_Magica/ArbolB/NodoB.h",
			"MU",
			"4QKMI527PN/moc_NodoB.cpp",
			null
		],
		[
			"/home/herson/Repositorios Git/pruebas/Proyecto 1/Proyecto-1-EDD/Biblioteca_Magica/GUI/MainWindow.h",
			"MU",
			"2LCCYRVYXB/moc_MainWindow.cpp",
			null
		],
		[
			"/home/herson/Repositorios Git/pruebas/Proyecto 1/Proyecto-1-EDD/Biblioteca_Magica/GUI/Vistas/AVL/AVLViewer.h",
			"MU",
			"Z2EIRBFUSY/moc_AVLViewer.cpp",
			null
		],
		[
			"/home/herson/Repositorios Git/pruebas/Proyecto 1/Proyecto-1-EDD/Biblioteca_Magica/GUI/Vistas/B+/BPlusViewer.h",
			"MU",
			"LVY3RW7V3E/moc_BPlusViewer.cpp",
			null
		],
		[
			"/home/herson/Repositorios Git/pruebas/Proyecto 1/Proyecto-1-EDD/Biblioteca_Magica/GUI/Vistas/B/BViewer.h",
			"MU",
			"BPFBMUXPBX/moc_BViewer.cpp",
			null
		],
		[
			"/home/herson/Repositorios Git/pruebas/Proyecto 1/Proyecto-1-EDD/Biblioteca_Magica/GUI/Vistas/Busqueda/BusquedaUnificada.h",
			"MU",
			"MBXFVBHRAF/moc_BusquedaUnificada.cpp",
			null
		],
		[
			"/home/herson/Repositorios Git/pruebas/Proyecto 1/Proyecto-1-EDD/Biblioteca_Magica/GUI/Vistas/OrdenAlfabetico/ListadoAlfabetico.h",
			"MU",
			"3QPA3UIK3N/moc_ListadoAlfabetico.cpp",
			null
		],
		[
			"/home/herson/Repositorios Git/pruebas/Proyecto 1/Proyecto-1-EDD/Biblioteca_Magica/GUI/Vistas/Rendimiento/PruebaRendimiento.h",
			"MU",
			"GL5B42MR5M/moc_PruebaRendimiento.cpp",
			null
		],
		[
			"/home/herson/Repositorios Git/pruebas/Proyecto 1/Proyecto-1-EDD/Biblioteca_Magica/Modelos/Catalogo.h",
			"MU",
			"C36JPUL5DE/moc_Catalogo.cpp",
			null
		],
		[
			"/home/herson/Repositorios Git/pruebas/Proyecto 1/Proyecto-1-EDD/Biblioteca_Magica/Modelos/Libro.h",
			"MU",
			"C36JPUL5DE/moc_Libro.cpp",
			null
		],
		[
			"/home/herson/Repositorios Git/pruebas/Proyecto 1/Proyecto-1-EDD/Biblioteca_Magica/csv/LectorCSV.h",
			"MU",
			"CT5B262Z36/moc_LectorCSV.cpp",
			null
		],
		[
			"/home/herson/Repositorios Git/pruebas/Proyecto 1/Proyecto-1-EDD/Biblioteca_Magica/include/ExportadorDOT.h",
			"MU",
			"6YEA5652QU/moc_ExportadorDOT.cpp",
			null
		],
		[
			"/home/herson/Repositorios Git/pruebas/Proyecto 1/Proyecto-1-EDD/Biblioteca_Magica/include/ExportadorDotB.h",
			"MU",
			"6YEA5652QU/moc_ExportadorDotB.cpp",
			null
		],
		[
			"/home/herson/Repositorios Git/pruebas/Proyecto 1/Proyecto-1-EDD/Biblioteca_Magica/include/ExportadorDotBPlus.h",
			"MU",
			"6YEA5652QU/moc_ExportadorDotBPlus.cpp",
			null
		],
		[
			"/home/herson/Repositorios Git/pruebas/Proyecto 1/Proyecto-1-EDD/Biblioteca_Magica/include/Nodo.h",
			"MU",
			"6YEA5652QU/moc_Nodo.cpp",
			null
		],
		[
			"/home/herson/Repositorios Git/pruebas/Proyecto 1/Proyecto-1-EDD/Biblioteca_Magica/include/Recorridos.h",
			"MU",
			"6YEA5652QU/moc_Recorridos.cpp",
			null
		]
	],
	"HEADER_EXTENSIONS" : [ "h", "hh", "h++", "hm", "hpp", "hxx", "in", "txx" ],
	"INCLUDE_DIR" : "/home/herson/Repositorios Git/pruebas/Proyecto 1/Proyecto-1-EDD/Biblioteca_Magica/build_linux/Biblioteca_Magica_autogen/include",
	"MOC_COMPILATION_FILE" : "/home/herson/Repositorios Git/pruebas/Proyecto 1/Proyecto-1-EDD/Biblioteca_Magica/build_linux/Biblioteca_Magica_autogen/mocs_compilation.cpp",
	"MOC_DEFINITIONS" : [ "QT_CORE_LIB", "QT_GUI_LIB", "QT_NO_DEBUG", "QT_WIDGETS_LIB" ],
	"MOC_DEPEND_FILTERS" : 
	[
		[
			"Q_PLUGIN_METADATA",
			"[\n][ \t]*Q_PLUGIN_METADATA[ \t]*\\([^\\)]*FILE[ \t]*\"([^\"]+)\""
		]
	],
	"MOC_INCLUDES" : 
	[
		"/usr/include/x86_64-linux-gnu/qt5",
		"/usr/include/x86_64-linux-gnu/qt5/QtCore",
		"/usr/lib/x86_64-linux-gnu/qt5/mkspecs/linux-g++",
		"/usr/include/x86_64-linux-gnu/qt5/QtGui",
		"/usr/include/x86_64-linux-gnu/qt5/QtWidgets",
		"/usr/include/c++/13",
		"/usr/include/x86_64-linux-gnu/c++/13",
		"/usr/include/c++/13/backward",
		"/usr/lib/gcc/x86_64-linux-gnu/13/include",
		"/usr/local/include",
		"/usr/include/x86_64-linux-gnu",
		"/usr/include"
	],
	"MOC_MACRO_NAMES" : [ "Q_OBJECT", "Q_GADGET", "Q_NAMESPACE", "Q_NAMESPACE_EXPORT" ],
	"MOC_OPTIONS" : [],
	"MOC_PATH_PREFIX" : false,
	"MOC_PREDEFS_CMD" : 
	[
		"/usr/bin/c++",
		"-std=gnu++17",
		"-dM",
		"-E",
		"-c",
		"/usr/share/cmake-3.28/Modules/CMakeCXXCompilerABI.cpp"
	],
	"MOC_PREDEFS_FILE" : "/home/herson/Repositorios Git/pruebas/Proyecto 1/Proyecto-1-EDD/Biblioteca_Magica/build_linux/Biblioteca_Magica_autogen/moc_predefs.h",
	"MOC_RELAXED_MODE" : false,
	"MOC_SKIP" : [],
	"MULTI_CONFIG" : false,
	"PARALLEL" : 2,
	"PARSE_CACHE_FILE" : "/home/herson/Repositorios Git/pruebas/Proyecto 1/Proyecto-1-EDD/Biblioteca_Magica/build_linux/CMakeFiles/Biblioteca_Magica_autogen.dir/ParseCache.txt",
	"QT_MOC_EXECUTABLE" : "/usr/lib/qt5/bin/moc",
	"QT_UIC_EXECUTABLE" : "/usr/lib/qt5/bin/uic",
	"QT_VERSION_MAJOR" : 5,
	"QT_VERSION_MINOR" : 15,
	"SETTINGS_FILE" : "/home/herson/Repositorios Git/pruebas/Proyecto 1/Proyecto-1-EDD/Biblioteca_Magica/build_linux/CMakeFiles/Biblioteca_Magica_autogen.dir/AutogenUsed.txt",
	"SOURCES" : 
	[
		[
			"/home/herson/Repositorios Git/pruebas/Proyecto 1/Proyecto-1-EDD/Biblioteca_Magica/AVL/AVL_Insertar.cpp",
			"MU",
			null
		],
		[
			"/home/herson/Repositorios Git/pruebas/Proyecto 1/Proyecto-1-EDD/Biblioteca_Magica/AVL/ArbolAVL.cpp",
			"MU",
			null
		],
		[
			"/home/herson/Repositorios Git/pruebas/Proyecto 1/Proyecto-1-EDD/Biblioteca_Magica/AVL/BuscarAVL.cpp",
			"MU",
			null
		],
		[
			"/home/herson/Repositorios Git/pruebas/Proyecto 1/Proyecto-1-EDD/Biblioteca_Magica/AVL/EliminacionAVL.cpp",
			"MU",
			null
		],
		[
			"/home/herson/Repositorios Git/pruebas/Proyecto 1/Proyecto-1-EDD/Biblioteca_Magica/AVL_Auxiliar/ArbolAVL_Auxiliar.cpp",
			"MU",
			null
		],
		[
			"/home/herson/Repositorios Git/pruebas/Proyecto 1/Proyecto-1-EDD/Biblioteca_Magica/ArbolB+/ArbolBPlus.cpp",
			"MU",
			null
		],
		[
			"/home/herson/Repositorios Git/pruebas/Proyecto 1/Proyecto-1-EDD/Biblioteca_Magica/ArbolB+/B+_Buscar.cpp",
			"MU",
			null
		],
		[
			"/home/herson/Repositorios Git/pruebas/Proyecto 1/Proyecto-1-EDD/Biblioteca_Magica/ArbolB+/B+_Eliminar.cpp",
			"MU",
			null
		],
		[
			"/home/herson/Repositorios Git/pruebas/Proyecto 1/Proyecto-1-EDD/Biblioteca_Magica/ArbolB+/B+_Insertar.cpp",
			"MU",
			null
		],
		[
			"/home/herson/Repositorios Git/pruebas/Proyecto 1/Proyecto-1-EDD/Biblioteca_Magica/ArbolB+/NodoHoja.cpp",
			"MU",
			null
		],
		[
			"/home/herson/Repositorios Git/pruebas/Proyecto 1/Proyecto-1-EDD/Biblioteca_Magica/ArbolB+/NodoInterno.cpp",
			"MU",
			null
		],
		[
			"/home/herson/Repositorios Git/pruebas/Proyecto 1/Proyecto-1-EDD/Biblioteca_Magica/ArbolB/ArbolB_Buscar.cpp",
			"MU",
			null
		],
		[
			"/home/herson/Repositorios Git/pruebas/Proyecto 1/Proyecto-1-EDD/Biblioteca_Magica/ArbolB/ArbolB_Eliminar.cpp",
			"MU",
			null
		],
		[
			"/home/herson/Repositorios Git/pruebas/Proyecto 1/Proyecto-1-EDD/Biblioteca_Magica/ArbolB/ArbolB_Insertar.cpp",
			"MU",
			null
		],
		[
			"/home/herson/Repositorios Git/pruebas/Proyecto 1/Proyecto-1-EDD/Biblioteca_Magica/ArbolB/ListaLibros.cpp",
			"MU",
			null
		],
		[
			"/home/herson/Repositorios Git/pruebas/Proyecto 1/Proyecto-1-EDD/Biblioteca_Magica/GUI/MainWindow.cpp",
			"MU",
			null
		],
		[
			"/home/herson/Repositorios Git/pruebas/Proyecto 1/Proyecto-1-EDD/Biblioteca_Magica/GUI/Vistas/AVL/AVLViewer.cpp",
			"MU",
			null
		],
		[
			"/home/herson/Repositorios Git/pruebas/Proyecto 1/Proyecto-1-EDD/Biblioteca_Magica/GUI/Vistas/B+/BPlusViewer.cpp",
			"MU",
			null
		],
		[
			"/home/herson/Repositorios Git/pruebas/Proyecto 1/Proyecto-1-EDD/Biblioteca_Magica/GUI/Vistas/B/BViewer.cpp",
			"MU",
			null
		],
		[
			"/home/herson/Repositorios Git/pruebas/Proyecto 1/Proyecto-1-EDD/Biblioteca_Magica/GUI/Vistas/Busqueda/BusquedaUnificada.cpp",
			"MU",
			null
		],
		[
			"/home/herson/Repositorios Git/pruebas/Proyecto 1/Proyecto-1-EDD/Biblioteca_Magica/GUI/Vistas/OrdenAlfabetico/ListadoAlfabetico.cpp",
			"MU",
			null
		],
		[
			"/home/herson/Repositorios Git/pruebas/Proyecto 1/Proyecto-1-EDD/Biblioteca_Magica/GUI/Vistas/Rendimiento/PruebaRendimiento.cpp",
			"MU",
			null
		],
		[
			"/home/herson/Repositorios Git/pruebas/Proyecto 1/Proyecto-1-EDD/Biblioteca_Magica/Modelos/Catalogo.cpp",
			"MU",
			null
		],
		[
			"/home/herson/Repositorios Git/pruebas/Proyecto 1/Proyecto-1-EDD/Biblioteca_Magica/Modelos/Libro.cpp",
			"MU",
			null
		],
		[
			"/home/herson/Repositorios Git/pruebas/Proyecto 1/Proyecto-1-EDD/Biblioteca_Magica/csv/LectorCSV.cpp",
			"MU",
			null
		],
		[
			"/home/herson/Repositorios Git/pruebas/Proyecto 1/Proyecto-1-EDD/Biblioteca_Magica/main.cpp",
			"MU",
			null
		]
	],
	"UIC_OPTIONS" : [],
	"UIC_SEARCH_PATHS" : [],
	"UIC_SKIP" : [],
	"UIC_UI_FILES" : [],
	"VERBOSITY" : 0
}
